-- phpMyAdmin SQL Dump
-- version 4.8.3
-- https://www.phpmyadmin.net/
--
-- Host: 127.0.0.1
-- Generation Time: Dec 23, 2018 at 09:33 AM
-- Server version: 10.1.36-MariaDB
-- PHP Version: 7.2.11

SET SQL_MODE = "NO_AUTO_VALUE_ON_ZERO";
SET AUTOCOMMIT = 0;
START TRANSACTION;
SET time_zone = "+00:00";


/*!40101 SET @OLD_CHARACTER_SET_CLIENT=@@CHARACTER_SET_CLIENT */;
/*!40101 SET @OLD_CHARACTER_SET_RESULTS=@@CHARACTER_SET_RESULTS */;
/*!40101 SET @OLD_COLLATION_CONNECTION=@@COLLATION_CONNECTION */;
/*!40101 SET NAMES utf8mb4 */;

--
-- Database: `dbshop`
--

-- --------------------------------------------------------

--
-- Table structure for table `member`
--

CREATE TABLE `member` (
  `id_member` int(10) NOT NULL,
  `m_username` varchar(50) NOT NULL,
  `password` varchar(255) NOT NULL,
  `name` varchar(64) NOT NULL,
  `email` varchar(100) NOT NULL,
  `addr` text NOT NULL,
  `Tel` varchar(10) NOT NULL,
  `level` int(1) NOT NULL
) ENGINE=InnoDB DEFAULT CHARSET=utf8;

--
-- Dumping data for table `member`
--

INSERT INTO `member` (`id_member`, `m_username`, `password`, `name`, `email`, `addr`, `Tel`, `level`) VALUES
(1, 'admin', '1234', 'noon', 'aa@gmail.com', 'yrjy', '0987654355', 1),
(4, 'customer', '123', 'ee', 'ee@gmail.com', 'erhtr', '0987654399', 3),
(12, 'staff', '1234', 'noon', 'noon230339@gmail.com', '131 ม.10 ต.บ้านเม็ง อ.หนองเรือ จ.ขอนแก่น 40210', '0987654323', 2),
(15, 'ww', '12121', 'add', 'supawadee@msu.ac.th', 'dgdg', '0987654368', 3),
(16, 'eet', '34', 'sd', '&email', 'fe', '0986654322', 3);

-- --------------------------------------------------------

--
-- Table structure for table `orders`
--

CREATE TABLE `orders` (
  `id` int(11) NOT NULL,
  `total_price` float(10,2) NOT NULL,
  `created` datetime NOT NULL,
  `modified` datetime NOT NULL,
  `name` varchar(100) NOT NULL,
  `email` varchar(100) NOT NULL,
  `phone` varchar(15) NOT NULL,
  `address` text NOT NULL,
  `img` varchar(100) NOT NULL,
  `tracking` varchar(100) NOT NULL,
  `status` enum('1','0') NOT NULL DEFAULT '1'
) ENGINE=InnoDB DEFAULT CHARSET=utf8;

--
-- Dumping data for table `orders`
--

INSERT INTO `orders` (`id`, `total_price`, `created`, `modified`, `name`, `email`, `phone`, `address`, `img`, `tracking`, `status`) VALUES
(1000015, 43000.00, '2017-12-06 20:27:43', '2017-12-06 20:27:43', 'test', '123@gmailc.com', '1234567985', 'asdfhjk', 'img/84725579420181223_100025.jpg', '1234', '0'),
(1000016, 96900.00, '2017-12-06 20:58:23', '2017-12-06 20:58:23', 'test2', 'fbgb@gmail.com', '1234567890', 'asdfhjkasdhfklj', 'img/70090674420171207_002517.JPG', 'BTC1000000', '0'),
(1000017, 186500.00, '2017-12-06 21:01:02', '2017-12-06 21:01:02', 'test3', 'asdf@gmailc.om', '1234564789', 'asdfh gfdsa4 654sd fsd\r\n4dsf65sa4df56', 'img/68087033920171207_035638.jpg', 'BTCGOTOTHEMOON', '0'),
(1000018, 9000.00, '2018-12-23 05:45:43', '2018-12-23 05:45:43', 'noon', 'noon239@gmail.com', '0898653322', 'dfdg', '', '123444', '0');

-- --------------------------------------------------------

--
-- Table structure for table `order_items`
--

CREATE TABLE `order_items` (
  `id` int(11) NOT NULL,
  `order_id` int(11) NOT NULL,
  `product_id` int(11) NOT NULL,
  `quantity` int(5) NOT NULL
) ENGINE=InnoDB DEFAULT CHARSET=utf8;

--
-- Dumping data for table `order_items`
--

INSERT INTO `order_items` (`id`, `order_id`, `product_id`, `quantity`) VALUES
(1000019, 1000015, 10025, 1),
(1000021, 1000016, 10021, 1),
(1000023, 1000016, 10019, 1),
(1000024, 1000017, 10020, 3),
(1000025, 1000017, 10019, 2),
(1000026, 1000018, 10019, 2);

-- --------------------------------------------------------

--
-- Table structure for table `products`
--

CREATE TABLE `products` (
  `id` int(11) NOT NULL,
  `name` varchar(100) NOT NULL,
  `description` text NOT NULL,
  `price` float(10,2) NOT NULL,
  `created` datetime NOT NULL,
  `modified` datetime NOT NULL,
  `img` varchar(100) NOT NULL,
  `status` enum('1','0') NOT NULL DEFAULT '1'
) ENGINE=InnoDB DEFAULT CHARSET=utf8;

--
-- Dumping data for table `products`
--

INSERT INTO `products` (`id`, `name`, `description`, `price`, `created`, `modified`, `img`, `status`) VALUES
(10019, 'รองเท้า PUREBOOST GO', '- ทรงเรกูลาร์- เสริมความกระชับด้วยเชือกผูกรองเท้า- อัปเปอร์ทำจากผ้าถัก- พื้นชั้นล่าง Stretchweb ที่ยืดหยุ่น- Boost เทคโนโลยีพื้นชั้นกลางที่ตอบสนองได้ดี- น้ำหนักเบา รองรับเท้าได้ทุกจังหวะ- น้ำหนัก: 259 กรัม (ไซส์ UK 5.5)- มิดโซลดรอป: 8 มม. (ความหนาส้นรองเท้า: 21 มม. ความหนาปลายรองเท้า: 13 มม.)- แนะนำสำหรับ: การวิ่งบนพื้นถนนและการวิ่งในเมือง   - ประเภทอุ้งเท้า: ปกติ ลิ้นรองเท้ายืดหยุ่นตามหน้าเท้า ปลายรองเท้ากว้างกว่าเดิม มีแผ่นป้องกันส้นเท้า', 4500.00, '0000-00-00 00:00:00', '2018-12-23 09:36:06', '151876128120181223_093605.jpg', '1'),
(10020, 'รองเท้า ULTRABOOST PARLEY ST', '- ทรงเรกูลาร์\r\n- เสริมความกระชับด้วยเชือกผูกรองเท้า\r\n- อัปเปอร์ adidas Primeknit เสริมความแข็งแรงด้านใน\r\n- บุด้านในด้วยผ้า พื้นชั้นล่าง Stretchweb มาพร้อมความยืดหยุ่นจากยาง Continental™ ยึดเกาะทั้งบนพื้นเปียกและพื้นแห้งได้อย่างดีเยี่ยม\r\n- พื้นชั้นกลาง Boost แบบ dual-density ช่วย- - รองรับอุ้งเท้า\r\n- น้ำหนักเบา รองรับเท้าได้ดี\r\n- น้ำหนัก: 326 กรัม (ไซส์ UK 8.5)\r\n- มิดโซลดรอป: 8 มม. (ความหนาส้นรองเท้า: 32 มม. ความหนาปลายรองเท้า: 24 มม.)\r\n- แนะนำสำหรับ: การวิ่งระยะไกล การวิ่งในเมือง \r\n- ประเภทอุ้งเท้า: ปกติ Fitband คุณสมบัติยืดหยุ่นช่วยเพิ่มความแข็งแรงช่วงกลางเท้า Torsion System ช่วยเสริมความมั่นคง Fitcounter กระชับพอดีกับส้น- - เท้าแบบไร้การจำกัด\r\n', 6500.00, '0000-00-00 00:00:00', '0000-00-00 00:00:00', 'AC7586_01_standard.jpg', '1'),
(10021, 'รองเท้า SOLAR DRIVE', '- ทรงเรกูลาร์\r\n- เสริมความกระชับด้วยเชือกผูกรองเท้า\r\n- อัปเปอร์ทำจากผ้าตาข่าย แต่งผ้าริบที่ปลายรองเท้า ลิ้นรองเท้าบุนุ่ม\r\n- Stretchweb พื้นชั้นล่างที่ยืดหยุ่น\r\n- Boost เทคโนโลยีพื้นชั้นกลางที่ตอบสนองได้ดี\r\n- น้ำหนัก: 318 กรัม (ไซส์ UK 8.5)\r\n- มิดโซลดรอป 10 มม. (ความหนาส้นรองเท้า: 30 มม. ความหนาปลายรองเท้า: 20 มม.)\r\n- แนะนำสำหรับ: การวิ่งบนพื้นถนน ประเภทอุ้งเท้า: ปกติ มี Solar Propulsion Rail ช่วยประคองเท้าแกนซัพพอร์ต Torsion เกราะป้องกันเอ็นร้อยหวาย Fitcounter สำหรับการเคลื่อนไหวที่ไร้การจำกัด แต่งดีเทลสะท้อนแสง', 4500.00, '0000-00-00 00:00:00', '0000-00-00 00:00:00', 'AQ0337_01_standard.jpg', '1'),
(10022, 'รองเท้า ULTRABOOST PARLEY', '- ทรงเรกูลาร์\r\n- โครง sock-like มีเชือกผูกรองเท้า\r\n- อัปเปอร์ทำจากผ้า adidas Primeknit ด้านในออกแบบให้แข็งแรงมากขึ้น มีแกนซัพพอร์ต Torsion System ช่วยเพิ่มความมั่นคง\r\n- ชุดพื้น Stretchweb มาพร้อมความยืดหยุ่น พื้นชั้นล่างทำจากยาง Continental™ ยึดเกาะดีเยี่ยมทั้งบนพื้นเปียกและพื้นแห้ง เกราะป้องกันเอ็นร้อยหวาย Fitcounter พอดีกับส้นเท้าอย่างไร้การจำกัด\r\n- Boost เทคโนโลยีพื้นชั้นกลางที่ตอบสนองได้ดี\r\nน้ำหนักเบา รองรับเท้าได้ดี\r\n- น้ำหนัก: 274 กรัม (ไซส์ UK 8.5)\r\n- มิดโซลดรอป: 10 มม. (ความหนาส้นรองเท้า: 29 มม. ความหนาปลายรองเท้า: 19 มม.)\r\n- แนะนำสำหรับ: การวิ่งระยะไกล การวิ่งในเมือง ประเภทอุ้งเท้า: ปกติ', 6500.00, '0000-00-00 00:00:00', '0000-00-00 00:00:00', 'BC0251_01_standard.jpg', '1'),
(10023, 'รองเท้า ULTRABOOST', '- ทรงเรกูลาร์\r\n- มีเชือกผูกรองเท้า\r\n- อัปเปอร์ทำจากผ้า adidas Primeknit\r\nพื้นชั้นล่าง Stretchweb มีความยืดหยุ่น ทำจากยาง Continental™ ยึดเกาะทั้งบนพื้นเปียกและพื้นแห้งได้อย่างดีเยี่ยม มีเกราะประคองช่วงกลางเท้า\r\n- Boost พื้นชั้นกลางที่ตอบสนองได้ดี Torsion System ช่วยเสริมความมั่นคง\r\n- น้ำหนักเบา รองรับเท้าได้ทุกจังหวะ\r\n- น้ำหนัก: 310 กรัม (ไซส์ UK 8.5)\r\n- มิดโซลดรอป: 10 มม. (ความหนาส้นรองเท้า: 29 มม. ความหนาปลายรองเท้า: 19 มม.)\r\n- ลักษณะอุ้งเท้า: ปกติ Fitcounter กระชับพอดีกับส้นเท้าโดยไม่บีบรัด', 6500.00, '0000-00-00 00:00:00', '0000-00-00 00:00:00', 'F36153_01_standard.jpg', '1'),
(10024, 'รองเท้า ULTRABOOST', '- ทรงเรกูลาร์\r\n- มีเชือกผูกรองเท้า\r\n- อัปเปอร์ทำจากผ้า adidas Primeknit\r\nพื้นชั้นล่าง Stretchweb มีความยืดหยุ่น ทำจากยาง Continental™ ยึดเกาะทั้งบนพื้นเปียกและพื้นแห้งได้อย่างดีเยี่ยม มีเกราะประคองช่วงกลางเท้า\r\n- Boost พื้นชั้นกลางที่ตอบสนองได้ดี Torsion System ช่วยเสริมความมั่นคง\r\n- น้ำหนักเบา รองรับเท้าได้ทุกจังหวะ\r\n- น้ำหนัก: 310 กรัม (ไซส์ UK 8.5)\r\n- มิดโซลดรอป: 10 มม. (ความหนาส้นรองเท้า: 29 มม. ความหนาปลายรองเท้า: 19 มม.)\r\n- ลักษณะอุ้งเท้า: ปกติ Fitcounter กระชับพอดีกับส้นเท้าโดยไม่บีบรัด', 6500.00, '0000-00-00 00:00:00', '0000-00-00 00:00:00', 'F36641_01_standard.jpg', '1'),
(10025, 'รองเท้า ULTRABOOST', '- ทรงเรกูลาร์\r\n- มีเชือกผูกรองเท้า\r\n- อัปเปอร์ทำจากผ้า adidas Primeknit\r\n- พื้นชั้นล่าง Stretchweb มีความยืดหยุ่น ทำจากยาง Continental™ ยึดเกาะทั้งบนพื้นเปียกและพื้นแห้งได้อย่างดีเยี่ยม มีเกราะประคองช่วงกลางเท้า\r\n- Boost พื้นชั้นกลางที่ตอบสนองได้ดี Torsion System ช่วยเสริมความมั่นคง\r\n- น้ำหนักเบา รองรับเท้าได้ทุกจังหวะ\r\n- น้ำหนัก: 310 กรัม (ไซส์ UK 8.5)\r\n- มิดโซลดรอป: 10 มม. (ความหนาส้นรองเท้า: 29 มม. ความหนาปลายรองเท้า: 19 มม.)\r\n- ลักษณะอุ้งเท้า: ปกติ Fitcounter กระชับพอดีกับส้นเท้าโดยไม่บีบรัด', 6500.00, '0000-00-00 00:00:00', '0000-00-00 00:00:00', 'F36155_01_standard.jpg', '1'),
(10026, 'รองเท้า PUREBOOST RBL', '- ทรงเรกูลาร์\r\n- มีเชือกผูกรองเท้า\r\n- อัปเปอร์ทำจากผ้าถักเคลือบสารกันน้ำ แต่งดีเทลสะท้อนแสง\r\n- แผ่นรองพื้นรองเท้าถอดออกได้ พื้นชั้นล่าง Stretchweb ยืดหยุ่น พื้นชั้นล่างให้การยึดเกาะดีเยี่ยมบนทุกสภาพพื้นผิว\r\n- Boost เทคโนโลยีพื้นชั้นกลางที่ตอบสนองได้ดี\r\n- น้ำหนักเบา รองรับเท้าได้ทุกจังหวะ\r\n- น้ำหนัก: 319 กรัม (ไซส์ UK 8.5)\r\n- มิดโซลดรอป: 8 มม. (ความหนาส้นรองเท้า: 10 มม. ความหนาปลายรองเท้า: 18 มม.)\r\n- ลักษณะอุ้งเท้า: ปกติ', 6000.00, '0000-00-00 00:00:00', '0000-00-00 00:00:00', 'F35783_01_standard.jpg', '1'),
(10027, 'รองเท้า ULTRABOOST LTD', '- ทรงเรกูลาร์\r\n- มีเชือกผูกรองเท้า\r\n- อัปเปอร์ adidas Primeknit แต่งดีเทลสะท้อนแสง\r\n- พื้นชั้นล่าง Stretchweb มีความยืดหยุ่น ทำจากยาง Continental™ ยึดเกาะทั้งบนพื้นเปียกและพื้นแห้งได้อย่างดีเยี่ยม\r\n- Boost เทคโนโลยีพื้นชั้นกลางที่ตอบสนองได้ดี\r\nซัพพอร์ตเท้าและน้ำหนักเบาเป็นพิเศษ', 8000.00, '0000-00-00 00:00:00', '0000-00-00 00:00:00', 'BB7802_01_standard.jpg', '1'),
(10029, 'รองเท้า PUREBOOST', '- ประเภท: Natural ให้ความยืดหยุ่น เท้าสัมผัสพื้นได้มากขึ้นและช่วยรับแรงกระแทก\r\n- มาพร้อมพื้น Boost ที่ช่วยรับแรงกระแทกและเปลี่ยนเป็นแรงส่งได้ดีที่สุดจากอาดิดาส เติมเต็มพลังให้คุณจากทุกย่างก้าว\r\n- อัปเปอร์ทำจากผ้าถักที่ยืดหยุ่นตามรูปเท้า ให้ความกระชับและสัมผัสที่เป็นธรรมชาติ\r\n- ลิ้นรองเท้าถักซ้อนกันสองชั้นในดีไซน์เฉพาะ มีความยืดหยุ่นและช่วยลดการบีบรัดหน้าเท้า ทรงหน้ากว้างรองรับการวิ่งในเมืองที่มีสภาพพื้นผิวหลากหลาย\r\n- เกราะป้องกันเอ็นร้อยหวาย Fitcounter เพิ่มความกระชับที่ส้นเท้าอย่างเป็นธรรมชาติ ให้การเคลื่อนไหวของเอ็นร้อยหวายเป็นไปอย่างเต็มประสิทธิภาพ\r\n- พื้นชั้นล่าง Stretchweb ทำจากยาง มีร่องใต้พื้นที่ช่วยเพิ่มความยืดหยุ่นและส่งแรง เพิ่มความมั่นคงบริเวณข้างเท้าด้านในรองรับการวิ่งหลบหลีกสิ่งกีดขวางต่าง ๆ บนท้องถนนในเมือง\r\n- น้ำหนัก: 298 กรัม (ไซส์ 8.5UK)\r\n- มิดโซลดรอป: 8 มม. (ความหนาส้นรองเท้า: 26 มม. ความหนาปลายรองเท้า: 18 มม.)\r\n- วัสดุหลัก: อัปเปอร์ทำจากผ้า ด้านในซับด้วยผ้า พื้นชั้นล่างทำจากยาง', 5300.00, '0000-00-00 00:00:00', '0000-00-00 00:00:00', 'BB6278_01_standard.jpg', '1'),
(10030, 'รองเท้า ULTRABOOST', '- ทรงเรกูลาร์\r\n- เสริมความกระชับด้วยเชือกผูกรองเท้า\r\n- อัปเปอร์ทำจากผ้า adidas Primeknit\r\n- พื้นชั้นล่าง Stretchweb มีความยืดหยุ่น ทำจากยาง Continental™ ยึดเกาะทั้งบนพื้นเปียกและพื้นแห้งได้อย่างดีเยี่ยม\r\n- Boost เทคโนโลยีพื้นชั้นกลางที่ตอบสนองได้ดี\r\n- น้ำหนักเบา รองรับเท้าได้ดี\r\n- น้ำหนัก: 310 กรัม (ไซส์ UK 8.5)\r\n- มิดโซลดรอป: 10 มม. (ความหนาส้นรองเท้า: 29 มม. ความหนาปลายรองเท้า: 19 มม.)\r\n- แนะนำสำหรับ: การวิ่งระยะไกลในเมือง ประเภทอุ้งเท้า: ปกติ Torsion System ช่วยเพิ่มความมั่นคง - มีเกราะซัพพอร์ตกลางเท้า Fitcounter กระชับเท้าอย่างไร้การจำกัด', 6500.00, '0000-00-00 00:00:00', '0000-00-00 00:00:00', 'CM8110_01_standard.jpg', '1'),
(10031, 'รองเท้า PUREBOOST DPR', '- ทรงเรกูลาร์\r\n- เสริมความกระชับด้วยเชือกผูกรองเท้า\r\n- อัปเปอร์ทำจากผ้าถัก\r\n- บุด้านในด้วยหนังซูเอด พื้นชั้นล่าง Stretchweb มาพร้อมความยืดหยุ่น\r\n- Boost เทคโนโลยีพื้นชั้นกลางที่ตอบสนองได้ดี\r\n- น้ำหนักเบา รองรับเท้าได้ทุกจังหวะ\r\n- น้ำหนัก: 258 กรัม (ไซส์ 8.5UK)\r\n- มิดโซลดรอป: 8 มม. (ความหนาส้นรองเท้า: 24 มม. ความหนาปลายรองเท้า: 16 มม.)\r\n- แนะนำสำหรับ: การวิ่งบนพื้นถนนและการวิ่งในเมือง ฐานรองเท้ากว้างกว่าปกติ เกราะป้องกันเอ็นร้อยหวาย Fitcounter พอดีกับส้นเท้าแบบไร้การจำกัด', 4800.00, '0000-00-00 00:00:00', '0000-00-00 00:00:00', 'CM8315_01_standard.jpg', '1'),
(10032, 'รองเท้า PUREBOOST', '- ประเภท: Natural ให้ความยืดหยุ่น เท้าสัมผัสพื้นได้มากขึ้นและช่วยรับแรงกระแทก\r\n- มาพร้อมพื้น Boost ที่ช่วยรับแรงกระแทกและเปลี่ยนเป็นแรงส่งได้ดีที่สุดจากอาดิดาส เติมเต็มพลังให้คุณจากทุกย่างก้าว\r\n- อัปเปอร์ทำจากผ้าถักที่ยืดหยุ่นตามรูปเท้า ให้ความกระชับและสัมผัสที่เป็นธรรมชาติ\r\n- ลิ้นรองเท้าถักซ้อนกันสองชั้นในดีไซน์เฉพาะ มีความยืดหยุ่นและช่วยลดการบีบรัดหน้าเท้า ทรงหน้ากว้างรองรับการวิ่งในเมืองที่มีสภาพพื้นผิวหลากหลาย\r\n- เกราะป้องกันเอ็นร้อยหวาย Fitcounter เพิ่มความกระชับที่ส้นเท้าอย่างเป็นธรรมชาติ ให้การเคลื่อนไหวของเอ็นร้อยหวายเป็นไปอย่างเต็มประสิทธิภาพ\r\n- พื้นชั้นล่าง Stretchweb ทำจากยาง มีร่องใต้พื้นที่ช่วยเพิ่มความยืดหยุ่นและส่งแรง เพิ่มความมั่นคงบริเวณข้างเท้าด้านในรองรับการวิ่งหลบหลีกสิ่งกีดขวางต่าง ๆ บนท้องถนนในเมือง\r\n- น้ำหนัก: 298 กรัม (ไซส์ 8.5UK)\r\n- มิดโซลดรอป: 8 มม. (ความหนาส้นรองเท้า: 26 มม. ความหนาปลายรองเท้า: 18 มม.)\r\n- วัสดุหลัก: อัปเปอร์ทำจากผ้า ด้านในซับด้วยผ้า พื้นชั้นล่างทำจากยาง', 5300.00, '0000-00-00 00:00:00', '0000-00-00 00:00:00', 'CP9326_01_standard.jpg', '1'),
(10033, 'รองเท้า PUREBOOST', '- ประเภท: Natural ให้ความยืดหยุ่น เท้าสัมผัสพื้นได้มากขึ้นและช่วยรับแรงกระแทก\r\n- มาพร้อมพื้น Boost ที่ช่วยรับแรงกระแทกและเปลี่ยนเป็นแรงส่งได้ดีที่สุดจากอาดิดาส เติมเต็มพลังให้คุณจากทุกย่างก้าว\r\n- อัปเปอร์ทำจากผ้าถักที่ยืดหยุ่นตามรูปเท้า ให้ความกระชับและสัมผัสที่เป็นธรรมชาติ\r\n- ลิ้นรองเท้าถักซ้อนกันสองชั้นในดีไซน์เฉพาะ มีความยืดหยุ่นและช่วยลดการบีบรัดหน้าเท้า ทรงหน้ากว้างรองรับการวิ่งในเมืองที่มีสภาพพื้นผิวหลากหลาย\r\n- เกราะป้องกันเอ็นร้อยหวาย Fitcounter เพิ่มความกระชับที่ส้นเท้าอย่างเป็นธรรมชาติ ให้การเคลื่อนไหวของเอ็นร้อยหวายเป็นไปอย่างเต็มประสิทธิภาพ\r\n- พื้นชั้นล่าง Stretchweb ทำจากยาง มีร่องใต้พื้นที่ช่วยเพิ่มความยืดหยุ่นและส่งแรง เพิ่มความมั่นคงบริเวณข้างเท้าด้านในรองรับการวิ่งหลบหลีกสิ่งกีดขวางต่าง ๆ บนท้องถนนในเมือง\r\n- น้ำหนัก: 298 กรัม (ไซส์ 8.5UK)\r\n- มิดโซลดรอป: 8 มม. (ความหนาส้นรองเท้า: 26 มม. ความหนาปลายรองเท้า: 18 มม.)\r\n- วัสดุหลัก: อัปเปอร์ทำจากผ้า ด้านในซับด้วยผ้า พื้นชั้นล่างทำจากยาง', 5300.00, '0000-00-00 00:00:00', '0000-00-00 00:00:00', 'BB6277_01_standard.jpg', '1'),
(10035, 'รองเท้า ULTRABOOST', '- ทรงเรกูลาร์\r\n- มีเชือกผูกรองเท้า\r\n- อัปเปอร์ทำจากผ้า adidas Primeknit\r\nพื้นชั้นล่าง Stretchweb มีความยืดหยุ่น ทำจากยาง Continental™ ยึดเกาะทั้งบนพื้นเปียกและพื้นแห้งได้อย่างดีเยี่ยม มีเกราะประคองช่วงกลางเท้า\r\n- Boost พื้นชั้นกลางที่ตอบสนองได้ดี Torsion System ช่วยเสริมความมั่นคง\r\n- น้ำหนักเบา รองรับเท้าได้ทุกจังหวะ\r\n- น้ำหนัก: 310 กรัม (ไซส์ UK 8.5)\r\n- มิดโซลดรอป: 10 มม. (ความหนาส้นรองเท้า: 29 มม. ความหนาปลายรองเท้า: 19 มม.)\r\n- ลักษณะอุ้งเท้า: ปกติ Fitcounter กระชับพอดีกับส้นเท้าโดยไม่บีบรัด', 6500.00, '0000-00-00 00:00:00', '0000-00-00 00:00:00', 'F35234_01_standard.jpg', '1'),
(10036, 'รองเท้า PUREBOUNCE+', '- ทรงเรกูลาร์\r\n- เสริมความกระชับด้วยเชือกผูกรองเท้า\r\n- อัปเปอร์ผ้าถัก พร้อมแถบ 3-Stripes ขึ้นรูปแบบ 3D แต่งดีเทลสะท้อนแสง\r\n- พื้นชั้นล่างทำจากยางแบบบาง \r\n- พื้นชั้นกลาง Bounce+ ที่ช่วยส่งพลัง\r\n- รองรับแรงกระแทกและให้ความมั่นคง\r\n- น้ำหนัก: 366 g (ไซส์ UK 8.5)\r\n- มิดโซลดรอป: 8 มม. (ความหนาส้นรองเท้า: 23 มม. / ปลายรองเท้า: 15 มม.\r\n- ลักษณะอุ้งเท้า: ปกติ', 3800.00, '0000-00-00 00:00:00', '0000-00-00 00:00:00', 'BC0834_01_standard.jpg', '1'),
(10037, 'รองเท้า ALPHABOUNCE BEYOND', '- ทรงเรกูลาร์\r\n- เสริมความกระชับด้วยเชือกผูกรองเท้า\r\n- อัปเปอร์ Forgedmesh พร้อมการซัพพอร์ตเฉพาะจุด\r\n- บุด้านในด้วยผ้า พื้นชั้นล่างทำจากยาง Continental™ ยึดเกาะทั้งบนพื้นเปียกและพื้นแห้งได้อย่างดีเยี่ยม\r\nพื้นชั้นกลาง Bounce ยืดหยุ่นและช่วยรับแรงกระแทก\r\n- สัมผัสที่รัดกระชับ\r\n- น้ำหนัก: 350 กรัม (ไซส์ UK 8.5)\r\n- มิดโซลดรอป: 10 มม. (ความหนาส้นรองเท้า: 22 มม. ความหนาปลายรองเท้า: 12 มม.)\r\n- ลักษณะอุ้งเท้า: ปกติ', 3800.00, '0000-00-00 00:00:00', '0000-00-00 00:00:00', 'BB7568_01_standard.jpg', '1'),
(10038, 'รองเท้า ALPHABOUNCE RC 2', '- ทรงเรกูลาร์\r\n- เสริมความกระชับด้วยเชือกผูกรองเท้า\r\n- อัปเปอร์ Forgedmesh ที่กระชับเท้า มีโอเวอร์เลย์ Fitpanel\r\n- บุด้านในด้วยวัสดุที่มีความบางและระบายอากาศดี พื้นชั้นล่าง Adiwear แข็งแรงทนทาน\r\n- พื้นชั้นกลาง Bounce ยืดหยุ่นและช่วยรับแรงกระแทก\r\n- ทรง sock-like โอบกระชับเท้า\r\n- น้ำหนัก: 310 กรัม (ไซส์ UK 8.5)\r\n- มิดโซลดรอป: 10 มม. (ความหนาส้นรองเท้า: 21 มม. ความหนาปลายรองเท้า: 11 มม.)\r\n- แนะนำสำหรับ: กิจกรรมที่มีการเคลื่อนไหวอย่างต่อเนื่อง การวิ่งระหว่างเล่นกีฬา และการฝึกการเคลื่อนไหว ประเภทอุ้งเท้า: ปกติ', 8500.00, '0000-00-00 00:00:00', '0000-00-00 00:00:00', 'AQ0551_01_standard.jpg', '1'),
(10039, 'add', 'dgg', 123.00, '0000-00-00 00:00:00', '0000-00-00 00:00:00', 'AH2311_01_standard.jpg', '1');

--
-- Indexes for dumped tables
--

--
-- Indexes for table `member`
--
ALTER TABLE `member`
  ADD PRIMARY KEY (`id_member`),
  ADD UNIQUE KEY `username` (`m_username`),
  ADD UNIQUE KEY `Tel` (`Tel`);

--
-- Indexes for table `orders`
--
ALTER TABLE `orders`
  ADD PRIMARY KEY (`id`);

--
-- Indexes for table `order_items`
--
ALTER TABLE `order_items`
  ADD PRIMARY KEY (`id`),
  ADD KEY `order_id` (`order_id`),
  ADD KEY `product_id` (`product_id`);

--
-- Indexes for table `products`
--
ALTER TABLE `products`
  ADD PRIMARY KEY (`id`);

--
-- AUTO_INCREMENT for dumped tables
--

--
-- AUTO_INCREMENT for table `member`
--
ALTER TABLE `member`
  MODIFY `id_member` int(10) NOT NULL AUTO_INCREMENT, AUTO_INCREMENT=17;

--
-- AUTO_INCREMENT for table `orders`
--
ALTER TABLE `orders`
  MODIFY `id` int(11) NOT NULL AUTO_INCREMENT, AUTO_INCREMENT=1000019;

--
-- AUTO_INCREMENT for table `order_items`
--
ALTER TABLE `order_items`
  MODIFY `id` int(11) NOT NULL AUTO_INCREMENT, AUTO_INCREMENT=1000027;

--
-- AUTO_INCREMENT for table `products`
--
ALTER TABLE `products`
  MODIFY `id` int(11) NOT NULL AUTO_INCREMENT, AUTO_INCREMENT=10040;

--
-- Constraints for dumped tables
--

--
-- Constraints for table `order_items`
--
ALTER TABLE `order_items`
  ADD CONSTRAINT `order_items_ibfk_1` FOREIGN KEY (`order_id`) REFERENCES `orders` (`id`),
  ADD CONSTRAINT `order_items_ibfk_2` FOREIGN KEY (`product_id`) REFERENCES `products` (`id`);
COMMIT;

/*!40101 SET CHARACTER_SET_CLIENT=@OLD_CHARACTER_SET_CLIENT */;
/*!40101 SET CHARACTER_SET_RESULTS=@OLD_CHARACTER_SET_RESULTS */;
/*!40101 SET COLLATION_CONNECTION=@OLD_COLLATION_CONNECTION */;
